"TIME","GEO","UNIT","NA_ITEM","Value"
"2011","European Union - 28 countries (2013-2020)","Current prices, million euro","Gross domestic product at market prices","13 236 785.0"
"2011","Belgium","Current prices, million euro","Gross domestic product at market prices","375 967.8"
"2011","Bulgaria","Current prices, million euro","Gross domestic product at market prices","41 478.9"
"2011","Czechia","Current prices, million euro","Gross domestic product at market prices","165 202.2"
"2011","Denmark","Current prices, million euro","Gross domestic product at market prices","247 879.9"
"2011","Germany (until 1990 former territory of the FRG)","Current prices, million euro","Gross domestic product at market prices","2 693 560.0"
"2011","Estonia","Current prices, million euro","Gross domestic product at market prices","16 677.3"
"2011","Ireland","Current prices, million euro","Gross domestic product at market prices","171 683.4"
"2011","Greece","Current prices, million euro","Gross domestic product at market prices","203 308.2"
"2011","Spain","Current prices, million euro","Gross domestic product at market prices","1 063 763.0"
"2011","France","Current prices, million euro","Gross domestic product at market prices","2 058 369.0"
"2011","Croatia","Current prices, million euro","Gross domestic product at market prices","45 378.6"
"2011","Italy","Current prices, million euro","Gross domestic product at market prices","1 648 755.8"
"2011","Cyprus","Current prices, million euro","Gross domestic product at market prices","19 803.0"
"2011","Latvia","Current prices, million euro","Gross domestic product at market prices","19 666.0"
"2011","Lithuania","Current prices, million euro","Gross domestic product at market prices","31 317.2"
"2011","Luxembourg","Current prices, million euro","Gross domestic product at market prices","44 323.5"
"2011","Hungary","Current prices, million euro","Gross domestic product at market prices","102 193.5"
"2011","Malta","Current prices, million euro","Gross domestic product at market prices","6 924.6"
"2011","Netherlands","Current prices, million euro","Gross domestic product at market prices","650 359.0"
"2011","Austria","Current prices, million euro","Gross domestic product at market prices","310 128.7"
"2011","Poland","Current prices, million euro","Gross domestic product at market prices","379 860.0"
"2011","Portugal","Current prices, million euro","Gross domestic product at market prices","176 096.2"
"2011","Romania","Current prices, million euro","Gross domestic product at market prices","131 841.6"
"2011","Slovenia","Current prices, million euro","Gross domestic product at market prices","37 058.6"
"2011","Slovakia","Current prices, million euro","Gross domestic product at market prices","71 477.1"
"2011","Finland","Current prices, million euro","Gross domestic product at market prices","197 998.0"
"2011","Sweden","Current prices, million euro","Gross domestic product at market prices","412 844.7"
"2011","Iceland","Current prices, million euro","Gross domestic product at market prices","10 934.3"
"2011","Liechtenstein","Current prices, million euro","Gross domestic product at market prices",":"
"2011","Norway","Current prices, million euro","Gross domestic product at market prices","358 339.5"
"2011","Switzerland","Current prices, million euro","Gross domestic product at market prices","520 201.4"
"2011","United Kingdom","Current prices, million euro","Gross domestic product at market prices","1 912 869.3"
"2011","Montenegro","Current prices, million euro","Gross domestic product at market prices","3 264.8"
"2011","North Macedonia","Current prices, million euro","Gross domestic product at market prices","7 544.2"
"2011","Albania","Current prices, million euro","Gross domestic product at market prices","9 268.3"
"2011","Serbia","Current prices, million euro","Gross domestic product at market prices","35 431.7"
"2011","Turkey","Current prices, million euro","Gross domestic product at market prices","600 961.4"
"2011","Bosnia and Herzegovina","Current prices, million euro","Gross domestic product at market prices","13 411.8"
"2011","Kosovo (under United Nations Security Council Resolution 1244/99)","Current prices, million euro","Gross domestic product at market prices","4 555.9"
"2012","European Union - 28 countries (2013-2020)","Current prices, million euro","Gross domestic product at market prices","13 502 872.6"
"2012","Belgium","Current prices, million euro","Gross domestic product at market prices","386 174.7"
"2012","Bulgaria","Current prices, million euro","Gross domestic product at market prices","42 256.8"
"2012","Czechia","Current prices, million euro","Gross domestic product at market prices","162 587.5"
"2012","Denmark","Current prices, million euro","Gross domestic product at market prices","254 578.0"
"2012","Germany (until 1990 former territory of the FRG)","Current prices, million euro","Gross domestic product at market prices","2 745 310.0"
"2012","Estonia","Current prices, million euro","Gross domestic product at market prices","17 916.7"
"2012","Ireland","Current prices, million euro","Gross domestic product at market prices","175 512.8"
"2012","Greece","Current prices, million euro","Gross domestic product at market prices","188 380.6"
"2012","Spain","Current prices, million euro","Gross domestic product at market prices","1 031 099.0"
"2012","France","Current prices, million euro","Gross domestic product at market prices","2 088 804.0"
"2012","Croatia","Current prices, million euro","Gross domestic product at market prices","44 483.6"
"2012","Italy","Current prices, million euro","Gross domestic product at market prices","1 624 358.7"
"2012","Cyprus","Current prices, million euro","Gross domestic product at market prices","19 440.8"
"2012","Latvia","Current prices, million euro","Gross domestic product at market prices","22 097.5"
"2012","Lithuania","Current prices, million euro","Gross domestic product at market prices","33 410.2"
"2012","Luxembourg","Current prices, million euro","Gross domestic product at market prices","46 526.2"
"2012","Hungary","Current prices, million euro","Gross domestic product at market prices","100 281.2"
"2012","Malta","Current prices, million euro","Gross domestic product at market prices","7 364.5"
"2012","Netherlands","Current prices, million euro","Gross domestic product at market prices","652 966.0"
"2012","Austria","Current prices, million euro","Gross domestic product at market prices","318 653.0"
"2012","Poland","Current prices, million euro","Gross domestic product at market prices","387 947.0"
"2012","Portugal","Current prices, million euro","Gross domestic product at market prices","168 295.6"
"2012","Romania","Current prices, million euro","Gross domestic product at market prices","132 711.2"
"2012","Slovenia","Current prices, million euro","Gross domestic product at market prices","36 253.3"
"2012","Slovakia","Current prices, million euro","Gross domestic product at market prices","73 360.8"
"2012","Finland","Current prices, million euro","Gross domestic product at market prices","201 037.0"
"2012","Sweden","Current prices, million euro","Gross domestic product at market prices","430 037.1"
"2012","Iceland","Current prices, million euro","Gross domestic product at market prices","11 479.9"
"2012","Liechtenstein","Current prices, million euro","Gross domestic product at market prices",":"
"2012","Norway","Current prices, million euro","Gross domestic product at market prices","396 523.5"
"2012","Switzerland","Current prices, million euro","Gross domestic product at market prices","538 439.0"
"2012","United Kingdom","Current prices, million euro","Gross domestic product at market prices","2 111 028.9"
"2012","Montenegro","Current prices, million euro","Gross domestic product at market prices","3 181.5"
"2012","North Macedonia","Current prices, million euro","Gross domestic product at market prices","7 584.8"
"2012","Albania","Current prices, million euro","Gross domestic product at market prices","9 585.8"
"2012","Serbia","Current prices, million euro","Gross domestic product at market prices","33 679.3"
"2012","Turkey","Current prices, million euro","Gross domestic product at market prices","683 587.3"
"2012","Bosnia and Herzegovina","Current prices, million euro","Gross domestic product at market prices","13 407.5"
"2012","Kosovo (under United Nations Security Council Resolution 1244/99)","Current prices, million euro","Gross domestic product at market prices","4 797.3"
"2013","European Union - 28 countries (2013-2020)","Current prices, million euro","Gross domestic product at market prices","13 616 497.1"
"2013","Belgium","Current prices, million euro","Gross domestic product at market prices","392 880.0"
"2013","Bulgaria","Current prices, million euro","Gross domestic product at market prices","42 050.2"
"2013","Czechia","Current prices, million euro","Gross domestic product at market prices","159 461.5"
"2013","Denmark","Current prices, million euro","Gross domestic product at market prices","258 742.7"
"2013","Germany (until 1990 former territory of the FRG)","Current prices, million euro","Gross domestic product at market prices","2 811 350.0"
"2013","Estonia","Current prices, million euro","Gross domestic product at market prices","18 910.8"
"2013","Ireland","Current prices, million euro","Gross domestic product at market prices","179 411.2"
"2013","Greece","Current prices, million euro","Gross domestic product at market prices","179 884.4"
"2013","Spain","Current prices, million euro","Gross domestic product at market prices","1 020 348.0"
"2013","France","Current prices, million euro","Gross domestic product at market prices","2 117 189.0"
"2013","Croatia","Current prices, million euro","Gross domestic product at market prices","44 329.4"
"2013","Italy","Current prices, million euro","Gross domestic product at market prices","1 612 751.3"
"2013","Cyprus","Current prices, million euro","Gross domestic product at market prices","17 995.0"
"2013","Latvia","Current prices, million euro","Gross domestic product at market prices","22 791.3"
"2013","Lithuania","Current prices, million euro","Gross domestic product at market prices","35 039.5"
"2013","Luxembourg","Current prices, million euro","Gross domestic product at market prices","49 094.5"
"2013","Hungary","Current prices, million euro","Gross domestic product at market prices","102 276.1"
"2013","Malta","Current prices, million euro","Gross domestic product at market prices","7 944.3"
"2013","Netherlands","Current prices, million euro","Gross domestic product at market prices","660 463.0"
"2013","Austria","Current prices, million euro","Gross domestic product at market prices","323 910.2"
"2013","Poland","Current prices, million euro","Gross domestic product at market prices","392 310.7"
"2013","Portugal","Current prices, million euro","Gross domestic product at market prices","170 492.3"
"2013","Romania","Current prices, million euro","Gross domestic product at market prices","143 690.4"
"2013","Slovenia","Current prices, million euro","Gross domestic product at market prices","36 454.3"
"2013","Slovakia","Current prices, million euro","Gross domestic product at market prices","74 217.3"
"2013","Finland","Current prices, million euro","Gross domestic product at market prices","204 321.0"
"2013","Sweden","Current prices, million euro","Gross domestic product at market prices","441 850.7"
"2013","Iceland","Current prices, million euro","Gross domestic product at market prices","12 132.9"
"2013","Liechtenstein","Current prices, million euro","Gross domestic product at market prices","4 812.4"
"2013","Norway","Current prices, million euro","Gross domestic product at market prices","393 408.7"
"2013","Switzerland","Current prices, million euro","Gross domestic product at market prices","536 632.9"
"2013","United Kingdom","Current prices, million euro","Gross domestic product at market prices","2 096 338.0"
"2013","Montenegro","Current prices, million euro","Gross domestic product at market prices","3 362.5"
"2013","North Macedonia","Current prices, million euro","Gross domestic product at market prices","8 149.6"
"2013","Albania","Current prices, million euro","Gross domestic product at market prices","9 625.4"
"2013","Serbia","Current prices, million euro","Gross domestic product at market prices","36 426.7"
"2013","Turkey","Current prices, million euro","Gross domestic product at market prices","719 726.6"
"2013","Bosnia and Herzegovina","Current prices, million euro","Gross domestic product at market prices","13 691.8"
"2013","Kosovo (under United Nations Security Council Resolution 1244/99)","Current prices, million euro","Gross domestic product at market prices","5 071.3"
"2014","European Union - 28 countries (2013-2020)","Current prices, million euro","Gross domestic product at market prices","14 094 954.5"
"2014","Belgium","Current prices, million euro","Gross domestic product at market prices","403 003.3"
"2014","Bulgaria","Current prices, million euro","Gross domestic product at market prices","43 026.0"
"2014","Czechia","Current prices, million euro","Gross domestic product at market prices","157 821.3"
"2014","Denmark","Current prices, million euro","Gross domestic product at market prices","265 757.0"
"2014","Germany (until 1990 former territory of the FRG)","Current prices, million euro","Gross domestic product at market prices","2 927 430.0"
"2014","Estonia","Current prices, million euro","Gross domestic product at market prices","20 048.2"
"2014","Ireland","Current prices, million euro","Gross domestic product at market prices","194 933.8"
"2014","Greece","Current prices, million euro","Gross domestic product at market prices","177 236.0"
"2014","Spain","Current prices, million euro","Gross domestic product at market prices","1 032 158.0"
"2014","France","Current prices, million euro","Gross domestic product at market prices","2 149 765.0"
"2014","Croatia","Current prices, million euro","Gross domestic product at market prices","43 918.6"
"2014","Italy","Current prices, million euro","Gross domestic product at market prices","1 627 405.6"
"2014","Cyprus","Current prices, million euro","Gross domestic product at market prices","17 430.2"
"2014","Latvia","Current prices, million euro","Gross domestic product at market prices","23 625.8"
"2014","Lithuania","Current prices, million euro","Gross domestic product at market prices","36 581.3"
"2014","Luxembourg","Current prices, million euro","Gross domestic product at market prices","51 791.3"
"2014","Hungary","Current prices, million euro","Gross domestic product at market prices","106 297.8"
"2014","Malta","Current prices, million euro","Gross domestic product at market prices","8 751.1"
"2014","Netherlands","Current prices, million euro","Gross domestic product at market prices","671 560.0"
"2014","Austria","Current prices, million euro","Gross domestic product at market prices","333 146.1"
"2014","Poland","Current prices, million euro","Gross domestic product at market prices","408 967.8"
"2014","Portugal","Current prices, million euro","Gross domestic product at market prices","173 053.7"
"2014","Romania","Current prices, million euro","Gross domestic product at market prices","150 708.6"
"2014","Slovenia","Current prices, million euro","Gross domestic product at market prices","37 634.3"
"2014","Slovakia","Current prices, million euro","Gross domestic product at market prices","76 092.7"
"2014","Finland","Current prices, million euro","Gross domestic product at market prices","206 897.0"
"2014","Sweden","Current prices, million euro","Gross domestic product at market prices","438 833.9"
"2014","Iceland","Current prices, million euro","Gross domestic product at market prices","13 472.6"
"2014","Liechtenstein","Current prices, million euro","Gross domestic product at market prices","5 021.7"
"2014","Norway","Current prices, million euro","Gross domestic product at market prices","375 947.3"
"2014","Switzerland","Current prices, million euro","Gross domestic product at market prices","553 942.2"
"2014","United Kingdom","Current prices, million euro","Gross domestic product at market prices","2 311 080.2"
"2014","Montenegro","Current prices, million euro","Gross domestic product at market prices","3 457.9"
"2014","North Macedonia","Current prices, million euro","Gross domestic product at market prices","8 562.0"
"2014","Albania","Current prices, million euro","Gross domestic product at market prices","9 968.6"
"2014","Serbia","Current prices, million euro","Gross domestic product at market prices","35 467.5"
"2014","Turkey","Current prices, million euro","Gross domestic product at market prices","707 000.8"
"2014","Bosnia and Herzegovina","Current prices, million euro","Gross domestic product at market prices","13 988.3"
"2014","Kosovo (under United Nations Security Council Resolution 1244/99)","Current prices, million euro","Gross domestic product at market prices","5 325.1"
"2015","European Union - 28 countries (2013-2020)","Current prices, million euro","Gross domestic product at market prices","14 859 340.4"
"2015","Belgium","Current prices, million euro","Gross domestic product at market prices","416 701.4"
"2015","Bulgaria","Current prices, million euro","Gross domestic product at market prices","45 812.3"
"2015","Czechia","Current prices, million euro","Gross domestic product at market prices","169 558.2"
"2015","Denmark","Current prices, million euro","Gross domestic product at market prices","273 017.6"
"2015","Germany (until 1990 former territory of the FRG)","Current prices, million euro","Gross domestic product at market prices","3 026 180.0"
"2015","Estonia","Current prices, million euro","Gross domestic product at market prices","20 631.4"
"2015","Ireland","Current prices, million euro","Gross domestic product at market prices","262 800.0"
"2015","Greece","Current prices, million euro","Gross domestic product at market prices","176 368.9"
"2015","Spain","Current prices, million euro","Gross domestic product at market prices","1 077 590.0"
"2015","France","Current prices, million euro","Gross domestic product at market prices","2 198 432.0"
"2015","Croatia","Current prices, million euro","Gross domestic product at market prices","45 186.2"
"2015","Italy","Current prices, million euro","Gross domestic product at market prices","1 655 355.0"
"2015","Cyprus","Current prices, million euro","Gross domestic product at market prices","17 884.0"
"2015","Latvia","Current prices, million euro","Gross domestic product at market prices","24 572.1"
"2015","Lithuania","Current prices, million euro","Gross domestic product at market prices","37 345.7"
"2015","Luxembourg","Current prices, million euro","Gross domestic product at market prices","54 142.3"
"2015","Hungary","Current prices, million euro","Gross domestic product at market prices","112 823.6"
"2015","Malta","Current prices, million euro","Gross domestic product at market prices","9 996.7"
"2015","Netherlands","Current prices, million euro","Gross domestic product at market prices","690 008.0"
"2015","Austria","Current prices, million euro","Gross domestic product at market prices","344 269.2"
"2015","Poland","Current prices, million euro","Gross domestic product at market prices","430 465.8"
"2015","Portugal","Current prices, million euro","Gross domestic product at market prices","179 713.2"
"2015","Romania","Current prices, million euro","Gross domestic product at market prices","160 149.8"
"2015","Slovenia","Current prices, million euro","Gross domestic product at market prices","38 852.6"
"2015","Slovakia","Current prices, million euro","Gross domestic product at market prices","79 888.1"
"2015","Finland","Current prices, million euro","Gross domestic product at market prices","211 385.0"
"2015","Sweden","Current prices, million euro","Gross domestic product at market prices","455 494.7"
"2015","Iceland","Current prices, million euro","Gross domestic product at market prices","15 795.3"
"2015","Liechtenstein","Current prices, million euro","Gross domestic product at market prices","5 649.1"
"2015","Norway","Current prices, million euro","Gross domestic product at market prices","347 632.1"
"2015","Switzerland","Current prices, million euro","Gross domestic product at market prices","632 770.5"
"2015","United Kingdom","Current prices, million euro","Gross domestic product at market prices","2 644 716.5"
"2015","Montenegro","Current prices, million euro","Gross domestic product at market prices","3 654.5"
"2015","North Macedonia","Current prices, million euro","Gross domestic product at market prices","9 072.3"
"2015","Albania","Current prices, million euro","Gross domestic product at market prices","10 264.1"
"2015","Serbia","Current prices, million euro","Gross domestic product at market prices","35 740.2"
"2015","Turkey","Current prices, million euro","Gross domestic product at market prices","777 042.3"
"2015","Bosnia and Herzegovina","Current prices, million euro","Gross domestic product at market prices","14 617.4"
"2015","Kosovo (under United Nations Security Council Resolution 1244/99)","Current prices, million euro","Gross domestic product at market prices","5 674.4"
"2016","European Union - 28 countries (2013-2020)","Current prices, million euro","Gross domestic product at market prices","14 986 579.4"
"2016","Belgium","Current prices, million euro","Gross domestic product at market prices","430 085.3"
"2016","Bulgaria","Current prices, million euro","Gross domestic product at market prices","48 773.1"
"2016","Czechia","Current prices, million euro","Gross domestic product at market prices","177 438.5"
"2016","Denmark","Current prices, million euro","Gross domestic product at market prices","283 109.7"
"2016","Germany (until 1990 former territory of the FRG)","Current prices, million euro","Gross domestic product at market prices","3 134 740.0"
"2016","Estonia","Current prices, million euro","Gross domestic product at market prices","21 747.9"
"2016","Ireland","Current prices, million euro","Gross domestic product at market prices","270 058.1"
"2016","Greece","Current prices, million euro","Gross domestic product at market prices","174 494.2"
"2016","Spain","Current prices, million euro","Gross domestic product at market prices","1 113 840.0"
"2016","France","Current prices, million euro","Gross domestic product at market prices","2 234 129.0"
"2016","Croatia","Current prices, million euro","Gross domestic product at market prices","47 246.3"
"2016","Italy","Current prices, million euro","Gross domestic product at market prices","1 695 786.8"
"2016","Cyprus","Current prices, million euro","Gross domestic product at market prices","18 929.3"
"2016","Latvia","Current prices, million euro","Gross domestic product at market prices","25 371.3"
"2016","Lithuania","Current prices, million euro","Gross domestic product at market prices","38 889.9"
"2016","Luxembourg","Current prices, million euro","Gross domestic product at market prices","56 208.1"
"2016","Hungary","Current prices, million euro","Gross domestic product at market prices","116 279.4"
"2016","Malta","Current prices, million euro","Gross domestic product at market prices","10 501.3"
"2016","Netherlands","Current prices, million euro","Gross domestic product at market prices","708 337.0"
"2016","Austria","Current prices, million euro","Gross domestic product at market prices","357 608.0"
"2016","Poland","Current prices, million euro","Gross domestic product at market prices","427 091.8"
"2016","Portugal","Current prices, million euro","Gross domestic product at market prices","186 489.8"
"2016","Romania","Current prices, million euro","Gross domestic product at market prices","170 063.4"
"2016","Slovenia","Current prices, million euro","Gross domestic product at market prices","40 443.2"
"2016","Slovakia","Current prices, million euro","Gross domestic product at market prices","81 014.3"
"2016","Finland","Current prices, million euro","Gross domestic product at market prices","217 518.0"
"2016","Sweden","Current prices, million euro","Gross domestic product at market prices","466 266.5"
"2016","Iceland","Current prices, million euro","Gross domestic product at market prices","18 804.2"
"2016","Liechtenstein","Current prices, million euro","Gross domestic product at market prices","5 637.7"
"2016","Norway","Current prices, million euro","Gross domestic product at market prices","333 471.3"
"2016","Switzerland","Current prices, million euro","Gross domestic product at market prices","628 729.6"
"2016","United Kingdom","Current prices, million euro","Gross domestic product at market prices","2 434 119.2"
"2016","Montenegro","Current prices, million euro","Gross domestic product at market prices","3 954.2"
"2016","North Macedonia","Current prices, million euro","Gross domestic product at market prices","9 656.5"
"2016","Albania","Current prices, million euro","Gross domestic product at market prices","10 719.9"
"2016","Serbia","Current prices, million euro","Gross domestic product at market prices","36 779.3"
"2016","Turkey","Current prices, million euro","Gross domestic product at market prices","785 618.9"
"2016","Bosnia and Herzegovina","Current prices, million euro","Gross domestic product at market prices","15 289.9"
"2016","Kosovo (under United Nations Security Council Resolution 1244/99)","Current prices, million euro","Gross domestic product at market prices","6 037.3"
"2017","European Union - 28 countries (2013-2020)","Current prices, million euro","Gross domestic product at market prices","15 435 831.7"
"2017","Belgium","Current prices, million euro","Gross domestic product at market prices","445 050.1"
"2017","Bulgaria","Current prices, million euro","Gross domestic product at market prices","52 531.3"
"2017","Czechia","Current prices, million euro","Gross domestic product at market prices","194 132.9"
"2017","Denmark","Current prices, million euro","Gross domestic product at market prices","294 808.2"
"2017","Germany (until 1990 former territory of the FRG)","Current prices, million euro","Gross domestic product at market prices","3 267 160.0"
"2017","Estonia","Current prices, million euro","Gross domestic product at market prices","23 833.6"
"2017","Ireland","Current prices, million euro","Gross domestic product at market prices","296 925.2"
"2017","Greece","Current prices, million euro","Gross domestic product at market prices","176 903.4"
"2017","Spain","Current prices, million euro","Gross domestic product at market prices","1 161 867.0"
"2017","France","Current prices, million euro","Gross domestic product at market prices","2 297 242.0"
"2017","Croatia","Current prices, million euro","Gross domestic product at market prices","49 888.8"
"2017","Italy","Current prices, million euro","Gross domestic product at market prices","1 736 592.8"
"2017","Cyprus","Current prices, million euro","Gross domestic product at market prices","20 245.3"
"2017","Latvia","Current prices, million euro","Gross domestic product at market prices","26 984.4"
"2017","Lithuania","Current prices, million euro","Gross domestic product at market prices","42 276.3"
"2017","Luxembourg","Current prices, million euro","Gross domestic product at market prices","58 168.8"
"2017","Hungary","Current prices, million euro","Gross domestic product at market prices","127 046.0"
"2017","Malta","Current prices, million euro","Gross domestic product at market prices","11 950.8"
"2017","Netherlands","Current prices, million euro","Gross domestic product at market prices","738 146.0"
"2017","Austria","Current prices, million euro","Gross domestic product at market prices","369 361.9"
"2017","Poland","Current prices, million euro","Gross domestic product at market prices","467 426.6"
"2017","Portugal","Current prices, million euro","Gross domestic product at market prices","195 947.2"
"2017","Romania","Current prices, million euro","Gross domestic product at market prices","187 772.7"
"2017","Slovenia","Current prices, million euro","Gross domestic product at market prices","43 011.3"
"2017","Slovakia","Current prices, million euro","Gross domestic product at market prices","84 442.9"
"2017","Finland","Current prices, million euro","Gross domestic product at market prices","226 301.0"
"2017","Sweden","Current prices, million euro","Gross domestic product at market prices","480 025.5"
"2017","Iceland","Current prices, million euro","Gross domestic product at market prices","21 917.7"
"2017","Liechtenstein","Current prices, million euro","Gross domestic product at market prices","5 734.6"
"2017","Norway","Current prices, million euro","Gross domestic product at market prices","353 316.4"
"2017","Switzerland","Current prices, million euro","Gross domestic product at market prices","623 994.0"
"2017","United Kingdom","Current prices, million euro","Gross domestic product at market prices","2 359 789.9"
"2017","Montenegro","Current prices, million euro","Gross domestic product at market prices","4 299.1"
"2017","North Macedonia","Current prices, million euro","Gross domestic product at market prices","10 038.3"
"2017","Albania","Current prices, million euro","Gross domestic product at market prices","11 559.0"
"2017","Serbia","Current prices, million euro","Gross domestic product at market prices","39 235.3"
"2017","Turkey","Current prices, million euro","Gross domestic product at market prices","760 497.1"
"2017","Bosnia and Herzegovina","Current prices, million euro","Gross domestic product at market prices","16 042.4"
"2017","Kosovo (under United Nations Security Council Resolution 1244/99)","Current prices, million euro","Gross domestic product at market prices","6 356.5"
"2018","European Union - 28 countries (2013-2020)","Current prices, million euro","Gross domestic product at market prices","15 952 384.9"
"2018","Belgium","Current prices, million euro","Gross domestic product at market prices","460 029.4"
"2018","Bulgaria","Current prices, million euro","Gross domestic product at market prices","56 224.7"
"2018","Czechia","Current prices, million euro","Gross domestic product at market prices","210 927.8"
"2018","Denmark","Current prices, million euro","Gross domestic product at market prices","302 328.7"
"2018","Germany (until 1990 former territory of the FRG)","Current prices, million euro","Gross domestic product at market prices","3 367 860.0"
"2018","Estonia","Current prices, million euro","Gross domestic product at market prices","25 817.7"
"2018","Ireland","Current prices, million euro","Gross domestic product at market prices","326 042.8"
"2018","Greece","Current prices, million euro","Gross domestic product at market prices","179 557.7"
"2018","Spain","Current prices, million euro","Gross domestic product at market prices","1 203 259.0"
"2018","France","Current prices, million euro","Gross domestic product at market prices","2 363 306.0"
"2018","Croatia","Current prices, million euro","Gross domestic product at market prices","52 688.8"
"2018","Italy","Current prices, million euro","Gross domestic product at market prices","1 771 391.2"
"2018","Cyprus","Current prices, million euro","Gross domestic product at market prices","21 612.6"
"2018","Latvia","Current prices, million euro","Gross domestic product at market prices","29 153.6"
"2018","Lithuania","Current prices, million euro","Gross domestic product at market prices","45 514.8"
"2018","Luxembourg","Current prices, million euro","Gross domestic product at market prices","60 362.2"
"2018","Hungary","Current prices, million euro","Gross domestic product at market prices","136 073.4"
"2018","Malta","Current prices, million euro","Gross domestic product at market prices","12 967.8"
"2018","Netherlands","Current prices, million euro","Gross domestic product at market prices","773 987.0"
"2018","Austria","Current prices, million euro","Gross domestic product at market prices","385 424.0"
"2018","Poland","Current prices, million euro","Gross domestic product at market prices","497 842.3"
"2018","Portugal","Current prices, million euro","Gross domestic product at market prices","205 184.1"
"2018","Romania","Current prices, million euro","Gross domestic product at market prices","204 496.9"
"2018","Slovenia","Current prices, million euro","Gross domestic product at market prices","45 864.2"
"2018","Slovakia","Current prices, million euro","Gross domestic product at market prices","89 430.0"
"2018","Finland","Current prices, million euro","Gross domestic product at market prices","233 468.0"
"2018","Sweden","Current prices, million euro","Gross domestic product at market prices","470 673.1"
"2018","Iceland","Current prices, million euro","Gross domestic product at market prices","22 243.6"
"2018","Liechtenstein","Current prices, million euro","Gross domestic product at market prices","5 790.5"
"2018","Norway","Current prices, million euro","Gross domestic product at market prices","370 294.3"
"2018","Switzerland","Current prices, million euro","Gross domestic product at market prices","622 746.0"
"2018","United Kingdom","Current prices, million euro","Gross domestic product at market prices","2 420 897.2"
"2018","Montenegro","Current prices, million euro","Gross domestic product at market prices","4 663.1"
"2018","North Macedonia","Current prices, million euro","Gross domestic product at market prices","10 744.0"
"2018","Albania","Current prices, million euro","Gross domestic product at market prices","12 828.1"
"2018","Serbia","Current prices, million euro","Gross domestic product at market prices","42 892.2"
"2018","Turkey","Current prices, million euro","Gross domestic product at market prices","658 544.4"
"2018","Bosnia and Herzegovina","Current prices, million euro","Gross domestic product at market prices","17 099.7"
"2018","Kosovo (under United Nations Security Council Resolution 1244/99)","Current prices, million euro","Gross domestic product at market prices","6 671.5"
"2019","European Union - 28 countries (2013-2020)","Current prices, million euro","Gross domestic product at market prices","16 542 021.0"
"2019","Belgium","Current prices, million euro","Gross domestic product at market prices","478 160.7"
"2019","Bulgaria","Current prices, million euro","Gross domestic product at market prices","61 558.0"
"2019","Czechia","Current prices, million euro","Gross domestic product at market prices","225 568.7"
"2019","Denmark","Current prices, million euro","Gross domestic product at market prices","310 475.6"
"2019","Germany (until 1990 former territory of the FRG)","Current prices, million euro","Gross domestic product at market prices","3 473 350.0"
"2019","Estonia","Current prices, million euro","Gross domestic product at market prices","27 732.3"
"2019","Ireland","Current prices, million euro","Gross domestic product at market prices","356 526.3"
"2019","Greece","Current prices, million euro","Gross domestic product at market prices","183 250.4"
"2019","Spain","Current prices, million euro","Gross domestic product at market prices","1 244 375.0"
"2019","France","Current prices, million euro","Gross domestic product at market prices","2 437 635.0"
"2019","Croatia","Current prices, million euro","Gross domestic product at market prices","55 571.4"
"2019","Italy","Current prices, million euro","Gross domestic product at market prices","1 794 934.9"
"2019","Cyprus","Current prices, million euro","Gross domestic product at market prices","23 009.9"
"2019","Latvia","Current prices, million euro","Gross domestic product at market prices","30 647.2"
"2019","Lithuania","Current prices, million euro","Gross domestic product at market prices","48 859.9"
"2019","Luxembourg","Current prices, million euro","Gross domestic product at market prices","62 704.2"
"2019","Hungary","Current prices, million euro","Gross domestic product at market prices","146 113.2"
"2019","Malta","Current prices, million euro","Gross domestic product at market prices","14 056.4"
"2019","Netherlands","Current prices, million euro","Gross domestic product at market prices","813 055.0"
"2019","Austria","Current prices, million euro","Gross domestic product at market prices","397 518.5"
"2019","Poland","Current prices, million euro","Gross domestic product at market prices","533 599.9"
"2019","Portugal","Current prices, million euro","Gross domestic product at market prices","214 374.6"
"2019","Romania","Current prices, million euro","Gross domestic product at market prices","223 162.5"
"2019","Slovenia","Current prices, million euro","Gross domestic product at market prices","48 396.7"
"2019","Slovakia","Current prices, million euro","Gross domestic product at market prices","94 048.0"
"2019","Finland","Current prices, million euro","Gross domestic product at market prices","239 852.0"
"2019","Sweden","Current prices, million euro","Gross domestic product at market prices","476 869.5"
"2019","Iceland","Current prices, million euro","Gross domestic product at market prices","22 200.8"
"2019","Liechtenstein","Current prices, million euro","Gross domestic product at market prices","5 971.8"
"2019","Norway","Current prices, million euro","Gross domestic product at market prices","361 734.6"
"2019","Switzerland","Current prices, million euro","Gross domestic product at market prices","653 732.6"
"2019","United Kingdom","Current prices, million euro","Gross domestic product at market prices","2 526 615.2"
"2019","Montenegro","Current prices, million euro","Gross domestic product at market prices","4 950.7"
"2019","North Macedonia","Current prices, million euro","Gross domestic product at market prices","11 209.1"
"2019","Albania","Current prices, million euro","Gross domestic product at market prices","13 752.8"
"2019","Serbia","Current prices, million euro","Gross domestic product at market prices","46 005.4"
"2019","Turkey","Current prices, million euro","Gross domestic product at market prices","679 132.2"
"2019","Bosnia and Herzegovina","Current prices, million euro","Gross domestic product at market prices","18 046.4"
"2019","Kosovo (under United Nations Security Council Resolution 1244/99)","Current prices, million euro","Gross domestic product at market prices","7 056.2"
"2020","European Union - 28 countries (2013-2020)","Current prices, million euro","Gross domestic product at market prices",":"
"2020","Belgium","Current prices, million euro","Gross domestic product at market prices","456 892.9"
"2020","Bulgaria","Current prices, million euro","Gross domestic product at market prices","61 331.0"
"2020","Czechia","Current prices, million euro","Gross domestic product at market prices","215 248.0"
"2020","Denmark","Current prices, million euro","Gross domestic product at market prices","312 516.6"
"2020","Germany (until 1990 former territory of the FRG)","Current prices, million euro","Gross domestic product at market prices","3 367 560.0"
"2020","Estonia","Current prices, million euro","Gross domestic product at market prices","26 834.5"
"2020","Ireland","Current prices, million euro","Gross domestic product at market prices","372 868.5"
"2020","Greece","Current prices, million euro","Gross domestic product at market prices","165 326.4"
"2020","Spain","Current prices, million euro","Gross domestic product at market prices","1 121 948.0"
"2020","France","Current prices, million euro","Gross domestic product at market prices","2 302 860.0"
"2020","Croatia","Current prices, million euro","Gross domestic product at market prices","50 189.6"
"2020","Italy","Current prices, million euro","Gross domestic product at market prices","1 653 577.2"
"2020","Cyprus","Current prices, million euro","Gross domestic product at market prices","21 548.4"
"2020","Latvia","Current prices, million euro","Gross domestic product at market prices","29 511.0"
"2020","Lithuania","Current prices, million euro","Gross domestic product at market prices","49 507.2"
"2020","Luxembourg","Current prices, million euro","Gross domestic product at market prices","64 221.1"
"2020","Hungary","Current prices, million euro","Gross domestic product at market prices","136 622.0"
"2020","Malta","Current prices, million euro","Gross domestic product at market prices","13 083.3"
"2020","Netherlands","Current prices, million euro","Gross domestic product at market prices","800 095.0"
"2020","Austria","Current prices, million euro","Gross domestic product at market prices","379 320.6"
"2020","Poland","Current prices, million euro","Gross domestic product at market prices","523 667.8"
"2020","Portugal","Current prices, million euro","Gross domestic product at market prices","200 087.6"
"2020","Romania","Current prices, million euro","Gross domestic product at market prices","218 863.3"
"2020","Slovenia","Current prices, million euro","Gross domestic product at market prices","46 918.0"
"2020","Slovakia","Current prices, million euro","Gross domestic product at market prices","92 079.3"
"2020","Finland","Current prices, million euro","Gross domestic product at market prices","236 032.0"
"2020","Sweden","Current prices, million euro","Gross domestic product at market prices","475 431.5"
"2020","Iceland","Current prices, million euro","Gross domestic product at market prices","19 025.2"
"2020","Liechtenstein","Current prices, million euro","Gross domestic product at market prices",":"
"2020","Norway","Current prices, million euro","Gross domestic product at market prices","318 051.2"
"2020","Switzerland","Current prices, million euro","Gross domestic product at market prices","659 730.8"
"2020","United Kingdom","Current prices, million euro","Gross domestic product at market prices",":"
"2020","Montenegro","Current prices, million euro","Gross domestic product at market prices","4 185.6"
"2020","North Macedonia","Current prices, million euro","Gross domestic product at market prices","10 766.3"
"2020","Albania","Current prices, million euro","Gross domestic product at market prices","13 068.9"
"2020","Serbia","Current prices, million euro","Gross domestic product at market prices","46 796.4"
"2020","Turkey","Current prices, million euro","Gross domestic product at market prices","626 576.2"
"2020","Bosnia and Herzegovina","Current prices, million euro","Gross domestic product at market prices","17 506.7"
"2020","Kosovo (under United Nations Security Council Resolution 1244/99)","Current prices, million euro","Gross domestic product at market prices","6 771.6"
